{"name":"t:sections.footer.name","type":"footer","sections":{"0a179242-9fc0-4e77-a243-1e103fe357b6":{"type":"custom-liquid","settings":{"custom_liquid":"<footer class=\"foter\">\n<center><div style=\"border:1px solid #EAEAEA; padding-top:10px;\" class=\"footer-block grid__item scroll-trigger animate--slide-in\" data-cascade=\"\" style=\"--animation-order: 1;\"><div class=\"footer-block__details-content rte\">\n                      <h3><a href=\"tel:13463616067\" target=\"_blank\" title=\"tel:13463616067\">+1 (346) 361-6067<\/a><\/h3><h3><a href=\"mailto:support@cantebags.com\" target=\"_blank\" title=\"mailto:support@cantebags.com\">support@cantebags.com<\/a><\/h3>\n                    <\/div><\/div><\/center>\n  <details id=\"Details\">\n    <summary ><u style=\"    font-size: 2.1rem;\" >HELP<\/u><svg aria-hidden=\"true\" focusable=\"false\" class=\"icon icon-caret\" viewBox=\"0 0 10 6\">\n  <path fill-rule=\"evenodd\" clip-rule=\"evenodd\" d=\"M9.354.646a.5.5 0 00-.708 0L5 4.293 1.354.646a.5.5 0 00-.708.708l4 4a.5.5 0 00.708 0l4-4a.5.5 0 000-.708z\" fill=\"currentColor\">\n<\/path><\/svg><\/summary>\n<ul class=\"footer-block__details-content list-unstyled\"><li>\n                            <a href=\"\/search\" class=\"link link--text list-menu__item list-menu__item--link\">\n                              Search\n                            <\/a>\n                          <\/li><li>\n                            <a href=\"\/pages\/delivery-information-%D8%B9%D8%A8%D9%8A%D9%87%D8%A7\" class=\"link link--text list-menu__item list-menu__item--link\">\n                              Shipping policy\n                            <\/a>\n                          <\/li><li>\n                            <a href=\"\/pages\/refund-and-returns-policy\" class=\"link link--text list-menu__item list-menu__item--link\">\n                              Refund &amp; Returns Policy\n                            <\/a>\n                          <\/li><li>\n                            <a href=\"\/pages\/privacy-policy\" class=\"link link--text list-menu__item list-menu__item--link\">\n                              Privacy Policy\n                            <\/a>\n                          <\/li><li>\n                            <a href=\"\/pages\/terms-conditions\" class=\"link link--text list-menu__item list-menu__item--link\">\n                              Terms of service\n                            <\/a>\n                          <\/li><li>\n                            <a href=\"\/pages\/contact\" class=\"link link--text list-menu__item list-menu__item--link\">\n                              Contact Us\n                            <\/a>\n                          <\/li><li>\n                            <a href=\"\/pages\/faqs\" class=\"link link--text list-menu__item list-menu__item--link\">\n                              FAQs\n                            <\/a>\n                          <\/li><li>\n                            <a href=\"\/pages\/ccpa-opt-out\" class=\"link link--text list-menu__item list-menu__item--link\">\n                              Do not sell or share my personal information\n                            <\/a>\n                          <\/li><li>\n                            <a href=\"\/pages\/about-us\" class=\"link link--text list-menu__item list-menu__item--link\">\n                              About us\n                            <\/a>\n                          <\/li><\/ul>  <\/details>\n  <details id=\"Details\">\n    <summary><u style=\"    font-size: 2.1rem;\">SHOP NOW<\/u><svg aria-hidden=\"true\" focusable=\"false\" class=\"icon icon-caret\" viewBox=\"0 0 10 6\">\n  <path fill-rule=\"evenodd\" clip-rule=\"evenodd\" d=\"M9.354.646a.5.5 0 00-.708 0L5 4.293 1.354.646a.5.5 0 00-.708.708l4 4a.5.5 0 00.708 0l4-4a.5.5 0 000-.708z\" fill=\"currentColor\">\n<\/path><\/svg><\/summary>\n    <ul class=\"footer-block__details-content list-unstyled\"><li>\n                            <a href=\"\/collections\/summer-collection\" class=\"link link--text list-menu__item list-menu__item--link\">\n                              Summer Collection\n                            <\/a>\n                          <\/li><li>\n                            <a href=\"\/collections\/vova\" class=\"link link--text list-menu__item list-menu__item--link\">\n                              Vova\n                            <\/a>\n                          <\/li><li>\n                            <a href=\"\/collections\/pearl\" class=\"link link--text list-menu__item list-menu__item--link\">\n                              Wayúu Mochila\n                            <\/a>\n                          <\/li><li>\n                            <a href=\"\/collections\/vendor\" class=\"link link--text list-menu__item list-menu__item--link\">\n                              Vendor\n                            <\/a>\n                          <\/li><li>\n                            <a href=\"\/collections\/flora\" class=\"link link--text list-menu__item list-menu__item--link\">\n                              Flora\n                            <\/a>\n                          <\/li><li>\n                            <a href=\"\/collections\/all\" class=\"link link--text list-menu__item list-menu__item--link\">\n                              Products\n                            <\/a>\n                          <\/li><li>\n                            <a href=\"\/collections\/best-sellers\" class=\"link link--text list-menu__item list-menu__item--link\">\n                              Best Sellers\n                            <\/a>\n                          <\/li><li>\n                            <a href=\"\/pages\/about-us\" class=\"link link--text list-menu__item list-menu__item--link\">\n                              About us\n                            <\/a>\n                          <\/li><\/ul>\n  <\/details>\n<\/footer>\n\n<style>\n .foter {\ndisplay:none;\n    background-color: #f2f2f2;\n    padding: 20px;\n  }\n  \n  details {\n    margin-bottom: 10px;\n  }\n  \n  summary {\n    font-weight: bold;\n    font-size: 18px;\n    margin-bottom: 5px;\n  }\n  \n  p {\n    margin-top: 0;\n    margin-bottom: 0;\n    font-size: 16px;\n  }\n@media screen and (max-width: 750px) {\n.foter{display:block;}\n}\n<\/style>","color_scheme":"","padding_top":40,"padding_bottom":52}},"footer":{"type":"footer","blocks":{"ab22889c-9f8c-47f2-aed9-aca6411d9b9e":{"type":"text","settings":{"heading":"","subtext":"<h3><a href=\"tel:13463616067\" target=\"_blank\" title=\"tel:13463616067\">+1 (346) 361-6067<\/a><\/h3><h3><a href=\"mailto:support@cantebags.com\" target=\"_blank\" title=\"mailto:support@cantebags.com\">support@cantebags.com<\/a><\/h3>"}},"d3f532ee-2e4c-4818-92a7-679cb3877b27":{"type":"link_list","settings":{"heading":"<span style=\"text-decoration:underline\"><strong>HELP<\/strong><\/span>","menu":"footer"}},"3052814d-4940-4954-a66d-603504947e58":{"type":"link_list","settings":{"heading":"<span style=\"text-decoration:underline\"><strong>SHOP<\/strong><\/span>","menu":"main-menu"}}},"block_order":["ab22889c-9f8c-47f2-aed9-aca6411d9b9e","d3f532ee-2e4c-4818-92a7-679cb3877b27","3052814d-4940-4954-a66d-603504947e58"],"custom_css":[".footer-block {border: 1px solid #eaeaea; padding: 15px;}",".link {font-weight: 500; font-size: 1.7rem;}",".footer__content-bottom-wrapper:last-child {display: none;}",".newsletter-form__field-wrapper {display: none;}","@media screen and (max-width: 750px) {.footer-block:nth-child(1) {display: none; } .footer-block:nth-child(2) {display: none; } .footer-block:nth-child(3) {display: none; }}"],"settings":{"color_scheme":"background-1","newsletter_enable":true,"newsletter_heading":"Copyright © 2023 <a href=\"https:\/\/cantebags.com\/\">Cante<\/a>. All Rights Reserved.","enable_follow_on_shop":true,"show_social":false,"enable_country_selector":false,"enable_language_selector":false,"payment_enable":false,"show_policy":false,"margin_top":8,"padding_top":12,"padding_bottom":0}}},"order":["0a179242-9fc0-4e77-a243-1e103fe357b6","footer"]}