{"name":"t:sections.header.name","type":"header","sections":{"9ae3dd38-612a-49fd-930d-b67f0e3fbe4a":{"type":"custom-liquid","custom_css":["{width: 100%; position: fixed;}"],"settings":{"custom_liquid":"<style>\n.ab a{text-decoration: none;\ncolor:white;\nfont-size:1.7rem;\n    font-weight: 600;\n}\n.ab{display:flex;\nheight:20px;\n\njustify-content: space-around;\n    @media screen and (max-width: 750px) {\n  .ab1 , .ab2{display:none;}}\n}\n\n<\/style>\n<div class=\"ab\">\n<div class='ab1'>\n<a href=\"mailto:info@cantebags.com\">info@cantebags.com<\/a>\n<\/div>\n<div style=\"text-decoration: none;\ncolor:white;\n    font-weight: 600;font-size:1.7rem;\">FREE SHIPPING ON ORDERS OVER $150.00\n\n\n<\/div>\n<div class='ab2'><a href=\"tel:+1 (346) 361-6067\n\">+1 (346) 361-6067\n\n\n<\/a>\n<\/div>\n<\/div>:","color_scheme":"accent-2","padding_top":4,"padding_bottom":0}},"announcement-bar":{"type":"announcement-bar","disabled":true,"blocks":{"announcement-bar-0":{"type":"announcement","settings":{"text":"FREE SHIPPING ON ORDERS OVER $150.00","link":""}},"a1c369da-4a16-462f-860a-f73ca1c0e9b0":{"type":"announcement","settings":{"text":"info@cantebags.com","link":""}},"e9122564-cd88-4dd5-9314-053bbdb8d0d3":{"type":"announcement","settings":{"text":"+1 (346) 361-6067","link":""}}},"block_order":["announcement-bar-0","a1c369da-4a16-462f-860a-f73ca1c0e9b0","e9122564-cd88-4dd5-9314-053bbdb8d0d3"],"custom_css":[".announcement-bar {position: fixed; top: 0; right: 0; width: 100%; height: 50px; left: 0; z-index: 99; background: #0db1a4;}","p {font-size: 2rem;}"],"settings":{"color_scheme":"accent-2","show_line_separator":true,"show_social":true,"auto_rotate":true,"change_slides_speed":3,"enable_country_selector":false,"enable_language_selector":false}},"header":{"type":"header","custom_css":["header {margin-top: 50px;}","a {font-size: 1.7rem; font-weight: 500; color: white; transition: 300ms;}","li:hover {background: gray; border: 0; outline: 0; text-underline-offset: 0; text-decoration: none;}"],"settings":{"logo_position":"middle-left","menu":"main-menu","menu_type_desktop":"dropdown","sticky_header_type":"reduce-logo-size","show_line_separator":false,"color_scheme":"accent-1","menu_color_scheme":"accent-1","enable_country_selector":false,"enable_language_selector":false,"mobile_logo_position":"center","margin_bottom":0,"padding_top":0,"padding_bottom":20}}},"order":["9ae3dd38-612a-49fd-930d-b67f0e3fbe4a","announcement-bar","header"]}