{"sections":{"55692e1d-ff12-4524-be1b-918594e3d0e5":{"type":"custom-liquid","settings":{"custom_liquid":"<style>\n    .slide1 {\n        background-image: url(https:\/\/cdn.shopify.com\/s\/files\/1\/0585\/8820\/1110\/files\/2_430x.png?v=1681425442#);\n        background-repeat: no-repeat;\n        background-size: contain;\n        background-position: center;\n    }\n    \n    .slide2 {\n        background-image: url(https:\/\/cdn.shopify.com\/s\/files\/1\/0585\/8820\/1110\/files\/1_430x.png?v=1681425441#);\n        scroll-snap-stop: always;\n\n        background-repeat: no-repeat;\n       background-size: contain;\n        background-position: center;\n    }\n    \n    .slide3 {\n        background-image: url(https:\/\/cdn.shopify.com\/s\/files\/1\/0585\/8820\/1110\/files\/3_430x.png?v=1681425442#);\n        background-repeat: no-repeat;\n       background-size: contain;\n        background-position: center;\n    }\n \n    .parent {\n        scroll-snap-type: x mandatory;\n        scroll-snap-align: center;\n        \n\n        width: 100%;\n        overflow: scroll;\n        scroll-snap-points-x: repeat(100vh);\n        max-height: 1120px;\n        flex-direction: row;\n        flex-wrap: nowrap;\n        gap: 1rem;\n        display: flex;\n        height: 90vh;\n        transition: 300ms;\n        scroll-behavior: smooth;\n    }\n    \n    .slide1,\n    .slide2,\n    .slide3 {\n        width: 100%;\n        position: relative;\n        min-width: 100%;\n        scroll-snap-align: center;\n      \n    }\n    \n    .links {\n        width: 100%;\n        height: 100%;\n        display: block;\n    }\n    \n    .slide1 .dots1 {\n        position: absolute;\n        width: 15px;\n        left: 50%;\ncolor:transparent;\ntext-decoration:none;\n        bottom: 10px;\n        height: 15px;\n        border-radius: 50%;\n        background-color: rgb(158, 158, 158);\n    }\n    \n    .slide1 .dots2 {\n        position: absolute;\n        width: 15px;\n        left: 55%;color:transparent;\ntext-decoration:none;\n        bottom: 10px;\n        height: 15px;\n        border-radius: 50%;\n        background-color: rgb(158, 158, 158);\n    }\n    \n    .slide1 .dots3 {\n        position: absolute;\n        width: 15px;\n        left: 45%;\n        bottom: 10px;color:transparent;\ntext-decoration:none;\n        height: 15px;\n        border-radius: 50%;\n        background-color: black;\n    }\n    \n    .slide2 .dots4 {\n        position: absolute;\n        width: 15px;\n        left: 50%;color:transparent;\ntext-decoration:none;\n        bottom: 10px;\n        height: 15px;\n        border-radius: 50%;\n        background-color: black;\n    }\n    \n    .slide2 .dots5 {\n        position: absolute;\n        width: 15px;\n        left: 55%;color:transparent;\ntext-decoration:none;\n        bottom: 10px;\n        height: 15px;\n        border-radius: 50%;\n        background-color: rgb(158, 158, 158);\n    }\n    \n    .slide2 .dots6 {\n        position: absolute;\n        width: 15px;\n        left: 45%;\n        bottom: 10px;\n        height: 15px;color:transparent;\ntext-decoration:none;\n        border-radius: 50%;\n        background-color: rgb(158, 158, 158);\n    }\n    \n    .slide3 .dots7 {\n        position: absolute;\n        width: 15px;\n        left: 50%;\n        bottom: 10px;color:transparent;\ntext-decoration:none;\n        height: 15px;\n        border-radius: 50%;\n        background-color: rgb(158, 158, 158);\n    }\n    \n    .slide3 .dots8 {\n        position: absolute;\n        width: 15px;\n        left: 55%;color:transparent;\ntext-decoration:none;\n        bottom: 10px;\n        height: 15px;\n        border-radius: 50%;\n        background-color: black;\n    }\n    \n    .slide3 .dots9 {\n        position: absolute;\n        width: 15px;\n        left: 45%;color:transparent;\ntext-decoration:none;\n        bottom: 10px;\n        height: 15px;\n        border-radius: 50%;\n        background-color: rgb(158, 158, 158);\n    }\n    \n    \n<\/style>\n<div id=\"prrrr\" class=\"parent\">\n\n\n    <div id=\"slide1\" class=\"slide1\">        \n\n        <div style=\"    width: 100%;\n        height: 100%;\">\n            <a class=\"links\" href=\"https:\/\/www.cantebags.com\/products\/beach-pearl?variant=42545556455574\">\n\n            <\/a>\n            <a href=\"#slide2\" class=\"dots1 movenow\">`<\/a>\n            <a href=\"#slide3\" class=\"dots2 movenow\">`<\/a>\n            <a href=\"#slide1\" class=\"dots3 movenow\">`<\/a>\n        <\/div>\n\n    <\/div>\n\n    <div id=\"slide2\" class=\"slide2\">        \n\n        <div style=\"    width: 100%;\n        height: 100%;\">\n            <a class=\"links\" href=\"https:\/\/www.cantebags.com\/products\/atlas?variant=42543000027286\">\n\n            <\/a>\n            <a href=\"#slide2\" class=\"dots4 movenow\">`<\/a>\n            <a href=\"#slide3\" class=\"dots5 movenow\">`<\/a>\n            <a href=\"#slide1\" class=\"dots6 movenow\">`<\/a>\n        <\/div>\n    <\/div>\n    <div id=\"slide3\" class=\"slide3\">                \n\n\n        <div style=\"    width: 100%;\n        height: 100%;\">\n            <a class=\"links\" href=\"https:\/\/www.cantebags.com\/products\/copy-of-vova-rouge?variant=42545380655254\">\n\n            <\/a>\n            <a href=\"#slide2\" class=\"dots7 movenow\">`<\/a>\n            <a href=\"#slide3\" class=\"dots8 movenow\">`<\/a>\n            <a href=\"#slide1\" class=\"dots9 movenow\">`<\/a>\n        <\/div>\n    <\/div>\n\n\n<\/div>","color_scheme":"","padding_top":0,"padding_bottom":0}},"339b5f26-4a64-414f-a65c-9eb7f0089ff0":{"type":"slideshow","disabled":true,"blocks":{"template--20340024246573__339b5f26-4a64-414f-a65c-9eb7f0089ff0-slide-1":{"type":"slide","settings":{"image":"shopify:\/\/shop_images\/2.png","heading":"","heading_size":"h2","subheading":"","button_label":"","link":"https:\/\/www.cantebags.com\/products\/beach-pearl?variant=42545556455574","button_style_secondary":false,"box_align":"middle-center","show_text_box":false,"text_alignment":"center","image_overlay_opacity":0,"color_scheme":"background-1","text_alignment_mobile":"center"}},"template--20340024246573__339b5f26-4a64-414f-a65c-9eb7f0089ff0-slide-2":{"type":"slide","settings":{"image":"shopify:\/\/shop_images\/1.png","heading":"","heading_size":"h1","subheading":"","button_label":"","link":"","button_style_secondary":false,"box_align":"middle-center","show_text_box":false,"text_alignment":"center","image_overlay_opacity":0,"color_scheme":"","text_alignment_mobile":"center"}},"5d06e6de-c5ff-4160-9b39-e3057d049bac":{"type":"slide","settings":{"image":"shopify:\/\/shop_images\/3.png","heading":"","heading_size":"h1","subheading":"","button_label":"","link":"","button_style_secondary":false,"box_align":"middle-center","show_text_box":false,"text_alignment":"center","image_overlay_opacity":0,"color_scheme":"background-1","text_alignment_mobile":"center"}}},"block_order":["template--20340024246573__339b5f26-4a64-414f-a65c-9eb7f0089ff0-slide-1","template--20340024246573__339b5f26-4a64-414f-a65c-9eb7f0089ff0-slide-2","5d06e6de-c5ff-4160-9b39-e3057d049bac"],"custom_css":[".banner__media {background: white;}","img {width: 100%; height: 100%; aspect-ratio: 9\/16; object-fit: contain;}"],"settings":{"layout":"full_bleed","slide_height":"medium","slider_visual":"dots","auto_rotate":false,"change_slides_speed":5,"image_behavior":"none","show_text_below":false,"accessibility_info":""}},"ab27bdfc-13b8-4d44-bea3-fd9c38a3f8c5":{"type":"image-banner","custom_css":["img {width: 100%; height: 100%; object-fit: contain;}",".banner__media {background: transparent;}","@media screen and (max-width: 750px) {.banner {display: none; }}"],"settings":{"image":"shopify:\/\/shop_images\/Screenshot.png","image_overlay_opacity":0,"image_height":"adapt","desktop_content_position":"middle-center","show_text_box":false,"desktop_content_alignment":"center","color_scheme":"","image_behavior":"none","mobile_content_alignment":"center","stack_images_on_mobile":false,"show_text_below":true}},"fcffaa0f-1c07-41e0-b164-57749817e5be":{"type":"custom-liquid","settings":{"custom_liquid":"<center><div class=\"good\" style=\"display:none; flex-wrap:wrap;\">\n  <div style=\"flex:1; padding:5px;\">\n    <img src=\"https:\/\/cdn.shopify.com\/s\/files\/1\/0585\/8820\/1110\/files\/Untitled_design_7_e1a01228-e02f-4a80-a97d-7d84fd17971b_430x.png?v=1691273529#\" alt=\"image1\" style=\"max-height:40px; width:auto;\">\n    <p style=\"font-size:1.2rem;    font-weight: 600;\">Customer Support\n<\/p>\n  <\/div>\n  <div style=\"flex:1; padding:5px;\">\n    <img src=\"https:\/\/cdn.shopify.com\/s\/files\/1\/0585\/8820\/1110\/files\/Untitled_design_8_bd74fef5-2f70-448d-9cae-635cd356be53_430x.png?v=1691273518#\" alt=\"image2\" style=\"max-height:40px; width:auto;\">\n    <p style=\"font-size:1.2rem;    font-weight: 600;\">Fast Shipping<\/p>\n  <\/div>\n  <div style=\"flex:1; padding:5px;\">\n    <img src=\"https:\/\/cdn.shopify.com\/s\/files\/1\/0585\/8820\/1110\/files\/Untitled_design_8_649f2254-7962-4c75-8424-f8a752496c3d_430x.png?v=1691273518#\" alt=\"image3\" style=\"max-height:40px; width:auto;\">\n    <p style=\"font-size:1.2rem;    font-weight: 600;\">Easy Returns\n<\/p>\n  <\/div>\n<\/div>\n<\/center>\n<style>\n@media screen and (max-width: 750px) {\n.good{display:flex !important;}\n}\n<\/style>","color_scheme":"","padding_top":0,"padding_bottom":0}},"featured_collection":{"type":"featured-collection","custom_css":[".title {justify-content: center; display: flex;}",".full-unstyled-link {font-weight: 500;}"," \/* اظهار السهر وكلمه sell *\/.badge--bottom-left,.card-information {display: none;}"],"settings":{"title":"<strong>Best Seller<\/strong>","heading_size":"h0","description":"","show_description":false,"description_style":"body","collection":"best-sellers","products_to_show":16,"columns_desktop":4,"full_width":false,"show_view_all":false,"view_all_style":"outline","enable_desktop_slider":false,"color_scheme":"background-1","image_ratio":"adapt","image_shape":"round","show_secondary_image":true,"show_vendor":false,"show_rating":false,"enable_quick_add":false,"columns_mobile":"2","swipe_on_mobile":true,"padding_top":44,"padding_bottom":36}},"ea69fa72-857f-4df8-bb00-f0e4e16853c6":{"type":"collage","disabled":true,"blocks":{"template--16065436778646__ea69fa72-857f-4df8-bb00-f0e4e16853c6-collection-1":{"type":"collection","settings":{"collection":"vendor"}}},"block_order":["template--16065436778646__ea69fa72-857f-4df8-bb00-f0e4e16853c6-collection-1"],"custom_css":[".color-background-1 {width: 400px; margin: 0 auto;}"],"settings":{"heading":"<strong>Vendor Collection<\/strong>","heading_size":"h2","desktop_layout":"left","mobile_layout":"column","card_styles":"product-card-wrapper","color_scheme":"","padding_top":36,"padding_bottom":36}},"169117025549363670":{"type":"apps","settings":{"include_margins":true}},"16911735132cc8a401":{"type":"apps","blocks":{"6b8ccd2f-f0ca-43bd-837f-ab207e89f05d":{"type":"shopify:\/\/apps\/vitals-all-in-one-marketing\/blocks\/insta-feed\/aeb48102-2a5a-4f39-bdbd-d8d49f4e20b8","settings":{}}},"block_order":["6b8ccd2f-f0ca-43bd-837f-ab207e89f05d"],"settings":{"include_margins":true}},"2b93244c-39e1-48a5-bfc4-9cec61c4d554":{"type":"featured-product","blocks":{"template--16065436778646__2b93244c-39e1-48a5-bfc4-9cec61c4d554-text-1":{"type":"text","disabled":true,"settings":{"text":"{{ section.settings.product.vendor }}","text_style":"uppercase"}},"template--16065436778646__2b93244c-39e1-48a5-bfc4-9cec61c4d554-title-1":{"type":"title","disabled":true,"settings":{"heading_size":"h1"}},"template--16065436778646__2b93244c-39e1-48a5-bfc4-9cec61c4d554-price-1":{"type":"price","disabled":true,"settings":{}},"template--16065436778646__2b93244c-39e1-48a5-bfc4-9cec61c4d554-variant_picker-1":{"type":"variant_picker","disabled":true,"settings":{"picker_type":"button"}},"template--16065436778646__2b93244c-39e1-48a5-bfc4-9cec61c4d554-quantity_selector-1":{"type":"quantity_selector","disabled":true,"settings":{}},"template--16065436778646__2b93244c-39e1-48a5-bfc4-9cec61c4d554-buy_buttons-1":{"type":"buy_buttons","disabled":true,"settings":{"show_dynamic_checkout":true,"show_gift_card_recipient":true}},"template--16065436778646__2b93244c-39e1-48a5-bfc4-9cec61c4d554-share-1":{"type":"share","disabled":true,"settings":{"share_label":"Share"}}},"block_order":["template--16065436778646__2b93244c-39e1-48a5-bfc4-9cec61c4d554-text-1","template--16065436778646__2b93244c-39e1-48a5-bfc4-9cec61c4d554-title-1","template--16065436778646__2b93244c-39e1-48a5-bfc4-9cec61c4d554-price-1","template--16065436778646__2b93244c-39e1-48a5-bfc4-9cec61c4d554-variant_picker-1","template--16065436778646__2b93244c-39e1-48a5-bfc4-9cec61c4d554-quantity_selector-1","template--16065436778646__2b93244c-39e1-48a5-bfc4-9cec61c4d554-buy_buttons-1","template--16065436778646__2b93244c-39e1-48a5-bfc4-9cec61c4d554-share-1"],"settings":{"product":"avior","color_scheme":"","secondary_background":false,"media_size":"medium","constrain_to_viewport":true,"media_fit":"cover","media_position":"left","image_zoom":"lightbox","hide_variants":false,"enable_video_looping":false,"padding_top":36,"padding_bottom":36}}},"order":["55692e1d-ff12-4524-be1b-918594e3d0e5","339b5f26-4a64-414f-a65c-9eb7f0089ff0","ab27bdfc-13b8-4d44-bea3-fd9c38a3f8c5","fcffaa0f-1c07-41e0-b164-57749817e5be","featured_collection","ea69fa72-857f-4df8-bb00-f0e4e16853c6","169117025549363670","16911735132cc8a401","2b93244c-39e1-48a5-bfc4-9cec61c4d554"]}