{"sections":{"main":{"type":"main-product","blocks":{"vendor":{"type":"text","disabled":true,"settings":{"text":"{{ product.vendor }}","text_style":"uppercase"}},"price":{"type":"price","settings":{}},"title":{"type":"title","settings":{}},"variant_picker":{"type":"variant_picker","settings":{"picker_type":"button"}},"quantity_selector":{"type":"quantity_selector","settings":{}},"buy_buttons":{"type":"buy_buttons","settings":{"show_dynamic_checkout":false,"show_gift_card_recipient":true}},"8a7becb1-fddb-4afd-8656-c414ff95e02c":{"type":"icon-with-text","settings":{"layout":"horizontal","icon_1":"none","image_1":"shopify:\/\/shop_images\/Untitled_design_3_0df93904-e792-4234-a6ba-7335ae90af56.webp","heading_1":"ECO-FRIENDLY","icon_2":"return","image_2":"shopify:\/\/shop_images\/Untitled_design_15_4bf6c723-95dd-4111-a49e-50ded2f30817.webp","heading_2":"PET-FRIENDLY","icon_3":"truck","image_3":"shopify:\/\/shop_images\/Untitled_design_4_8671c817-49ec-4eef-9cce-c12db8d31d68.webp","heading_3":"HANDMADE"}},"cbc200aa-a94d-4d91-8e06-df02f716e4fd":{"type":"collapsible_tab","disabled":true,"settings":{"heading":"Descrption","icon":"check_mark","content":"<h2><strong>If you need more than a bag and Searching for a piece telling a story? Our Mochila Beach bags are exactly what you need.<\/strong><\/h2><ul><li><strong>They are one-of-a-kind handcrafted crochet bags<\/strong> that are carefully made using a double-thread technique for the body.<\/li><li><strong>The bags' straps are tightly weaved, creating a non-stretch strap,<\/strong> and the drawstrings are braided or woven.<\/li><li><strong>It is a real eye-catcher; you will always be on trend <\/strong>because of the pattern and color combination.<\/li><li><strong>They are appropriate for a variety of occasions<\/strong>, regardless of whether you are wearing a sporty or classic look.<\/li><li><strong>The artisans create it as unique as you are; <\/strong>by constantly developing new fashion items as well as recovering historical weaving techniques<strong>.<\/strong><\/li><\/ul>","page":""}},"0200ebfb-43f2-4e93-b69f-d58a309a12ba":{"type":"description","disabled":true,"settings":{}},"d8715d2c-6926-4686-881b-1cdaec610890":{"type":"collapsible_tab","disabled":true,"settings":{"heading":"Discover","icon":"check_mark","content":"<p><strong>Discover the Science Behind Hand Bags: Quality Craftsmanship and Superior Materials.<\/strong><\/p>","page":""}}},"block_order":["vendor","price","title","variant_picker","quantity_selector","buy_buttons","8a7becb1-fddb-4afd-8656-c414ff95e02c","cbc200aa-a94d-4d91-8e06-df02f716e4fd","0200ebfb-43f2-4e93-b69f-d58a309a12ba","d8715d2c-6926-4686-881b-1cdaec610890"],"custom_css":[".product-form__submit {background: #0db1a4 !important; width: 95%; outline: none; border: 0px solid; border-radius: 15px;}",".product-form__submit:hover {background: #ac3b2c !important;}",".product-form__buttons {width: 95vw;}",".icon-with-text {--icon-size: 100px;}","h1,label,span {font-weight: 600;}",".button:after {box-shadow: none;}"],"settings":{"enable_sticky_info":true,"media_size":"medium","constrain_to_viewport":true,"media_fit":"contain","gallery_layout":"thumbnail_slider","media_position":"left","image_zoom":"hover","mobile_thumbnails":"show","hide_variants":false,"enable_video_looping":true,"padding_top":36,"padding_bottom":12}},"16912453727678059b":{"type":"apps","blocks":{"06cf3772-9ce5-4168-a31f-cafd0df77332":{"type":"shopify:\/\/apps\/vitals-all-in-one-marketing\/blocks\/ub-volume-discounts\/aeb48102-2a5a-4f39-bdbd-d8d49f4e20b8","settings":{}}},"block_order":["06cf3772-9ce5-4168-a31f-cafd0df77332"],"custom_css":[],"settings":{"include_margins":true}},"8921e518-eda6-4bb6-bda6-528a89e1e4e6":{"type":"custom-liquid","settings":{"custom_liquid":"","color_scheme":"","padding_top":40,"padding_bottom":52}},"16911711661f10e9c4":{"type":"apps","blocks":{"dc98572c-9ffe-49b7-8840-63ff26268372":{"type":"shopify:\/\/apps\/tabs-studio\/blocks\/product_tabs_block\/19980fb9-f2ca-4ada-ad36-c0364c3318b8","settings":{"start_tab_element":"h3","default_tab":"tab","default_tab_title":"Description","pro_tabs":true,"layout":"breakpoint","layout_breakpoint":750,"open_first_tab":true,"allow_multiple_open":false,"initialize_tabs":"immediate","custom_scripts":""}}},"block_order":["dc98572c-9ffe-49b7-8840-63ff26268372"],"custom_css":[],"settings":{"include_margins":true}},"169125185345cac8a2":{"type":"apps","settings":{"include_margins":true}},"9b8a11f5-d99d-457a-aec5-da1a2af00511":{"type":"custom-liquid","settings":{"custom_liquid":"","color_scheme":"","padding_top":40,"padding_bottom":52}},"a45b18cc-ad01-4c3d-8cb7-a5aa790bf73a":{"type":"collapsible-content","blocks":{"template--20340024443181__a45b18cc-ad01-4c3d-8cb7-a5aa790bf73a-collapsible_row-1":{"type":"collapsible_row","settings":{"heading":"Can I adjust the strap, and can I remove it?","icon":"star","row_content":"<p><strong>You can remove the strap, but you cannot lengthen or shorten it, It is not adjustable.<\/strong><\/p><p><\/p><p><\/p>","page":""}},"template--20340024443181__a45b18cc-ad01-4c3d-8cb7-a5aa790bf73a-collapsible_row-2":{"type":"collapsible_row","settings":{"heading":"Is it Vegan friendly?","icon":"star","row_content":"<p><strong>Yes it is, There is no leather on it, Natural materials like Cotton canvas and thread<\/strong>.<\/p><p><\/p>","page":""}},"template--20340024443181__a45b18cc-ad01-4c3d-8cb7-a5aa790bf73a-collapsible_row-3":{"type":"collapsible_row","settings":{"heading":"Does it have pocket inside?","icon":"star","row_content":"<p><strong>Yes, there is pocket inside.<\/strong><\/p>","page":""}}},"block_order":["template--20340024443181__a45b18cc-ad01-4c3d-8cb7-a5aa790bf73a-collapsible_row-1","template--20340024443181__a45b18cc-ad01-4c3d-8cb7-a5aa790bf73a-collapsible_row-2","template--20340024443181__a45b18cc-ad01-4c3d-8cb7-a5aa790bf73a-collapsible_row-3"],"custom_css":["h3,p {font-size: 2rem; font-weight: 600;}",".accordion {background: white; width: 100%; float: left; transition: 300ms; padding: 5px; margin-bottom: 20px;}",".collapsible-content-wrapper-narrow {width: 100%; max-width: 100%; margin: 0;}"],"settings":{"caption":"","heading":"<strong>Frequently Asked Questions<\/strong>","heading_size":"h1","heading_alignment":"center","layout":"none","color_scheme":"background-2","container_color_scheme":"background-2","open_first_collapsible_row":false,"image_ratio":"adapt","desktop_layout":"image_second","padding_top":36,"padding_bottom":36}},"169125166424097f11":{"type":"apps","blocks":{"1144e9fc-70a9-4d4b-b40a-245b80632384":{"type":"shopify:\/\/apps\/vitals-all-in-one-marketing\/blocks\/product-reviews\/aeb48102-2a5a-4f39-bdbd-d8d49f4e20b8","settings":{}}},"block_order":["1144e9fc-70a9-4d4b-b40a-245b80632384"],"settings":{"include_margins":true}},"related-products":{"type":"related-products","disabled":true,"settings":{"heading":"You may also lisadasdasdke","heading_size":"h2","products_to_show":4,"columns_desktop":4,"color_scheme":"background-1","image_ratio":"square","image_shape":"default","show_secondary_image":true,"show_vendor":false,"show_rating":false,"columns_mobile":"2","padding_top":36,"padding_bottom":28}}},"order":["main","16912453727678059b","8921e518-eda6-4bb6-bda6-528a89e1e4e6","16911711661f10e9c4","169125185345cac8a2","9b8a11f5-d99d-457a-aec5-da1a2af00511","a45b18cc-ad01-4c3d-8cb7-a5aa790bf73a","169125166424097f11","related-products"]}